{
  "model_path": "assets/models/baseline_cae_weaksup_best.pt",
  "fs": 4096,
  "context_seconds": 2.0,
  "lag_samples": 45,
  "t_seg_s": 4.0,
  "sigma_norm": {
    "muH": 0.003339537507968976,
    "sdH": 0.000563609666218014,
    "muL": 0.003492104669866871,
    "sdL": 0.0006761786658422742
  },
  "norm_splits": [
    "test",
    "val"
  ],
  "norm_n_pairs": 3447,
  "f_cut_hz": 190.78961461069167,
  "tcoh": 0.12767678245902062,
  "centroid_band_hz": [
    20,
    400
  ],
  "centroid_window_s": 0.5,
  "bg_livetime_yr": 47.43776277846437,
  "bg_livetime_days": 17326.313425925928,
  "far_curve_cond_coh": [
    [
      6.0,
      1.0118521023885823
    ],
    [
      6.25,
      0.9907718502554868
    ],
    [
      6.5,
      0.9907718502554868
    ],
    [
      6.75,
      0.9486113459892959
    ],
    [
      7.0,
      0.9064508417231049
    ],
    [
      7.25,
      0.8853705895900095
    ],
    [
      7.5,
      0.8432100853238185
    ],
    [
      7.75,
      0.8221298331907231
    ],
    [
      8.0,
      0.7588890767914366
    ],
    [
      8.25,
      0.7167285725252458
    ],
    [
      8.5,
      0.7167285725252458
    ],
    [
      8.75,
      0.6956483203921503
    ],
    [
      9.0,
      0.6745680682590548
    ],
    [
      9.25,
      0.590247059726673
    ],
    [
      9.5,
      0.548086555460482
    ]
  ],
  "far_curve_global_coh": [
    [
      6.0,
      83.92048374185303
    ],
    [
      6.25,
      83.92048374185303
    ],
    [
      6.5,
      83.92048374185303
    ],
    [
      6.75,
      83.92048374185303
    ],
    [
      7.0,
      77.87045137965464
    ],
    [
      7.25,
      54.93513705884678
    ],
    [
      7.5,
      38.87198493342803
    ],
    [
      7.75,
      29.2804702128696
    ],
    [
      8.0,
      21.8391412098869
    ],
    [
      8.25,
      16.04207187328565
    ],
    [
      8.5,
      11.720620186001078
    ],
    [
      8.75,
      7.841853793511512
    ],
    [
      9.0,
      5.24898278114077
    ],
    [
      9.25,
      3.562562610493133
    ],
    [
      9.5,
      2.3820684910397874
    ]
  ],
  "far_floor_cond_per_yr": 0.548086555460482,
  "target": "remnant BH >= 80 Msun (M_tot >~ 84)",
  "notes": "BA coherence = band-limit[20,400]Hz + symmetric-norm 2<x,y>/(|x|^2+|y|^2) max over +/-11ms, central 1s. sigma-norm + curves from 47.4yr train+test+val time-slide (run_ba_calibration.py). Supersedes broadband-Pearson coherence of massive_calibration.json.",
  "coherence_mode": "band_symnorm",
  "coherence_band_hz": [
    20,
    500
  ],
  "coherence_window_s": 1.0
}